the,809,DT
a,478,DT
to,427,TO
event,252,NN
and,251,CC
of,247,IN
be,226,VB
is,220,VBZ
that,203,IN
for,203,IN
in,175,IN
should,161,MD
with,148,IN
as,141,IN
clients,135,NNS
This,131,DT
may,130,MD
Events,120,NNS
or,117,CC
relays,110,N
an,109,DT
it,107,PRP
can,97,MD
not,97,RB
by,96,IN
relay,92,VB
tag,89,NN
are,86,VBP
user,83,NN
if,78,IN
client,75,NN
kind,73,NN
tags,65,NNS
must,64,MD
content,63,NN
use,60,NN
they,60,PRP
From,55,IN
example,55,NN
on,53,IN
optional,52,JJ
list,52,NN
NIP,51,NN
message,49,NN
Other,47,JJ
their,47,PRP$
Nostr,46,NNP
these,44,DT
public,43,JJ
following,43,VBG
when,43,WRB
draft,42,NN
used,42,VBN
any,42,DT
which,39,WDT
users,39,NNS
key,37,JJ
field,37,NN
string,36,VBG
have,36,VBP
pubkey,34,N
will,32,MD
ID,32,NNP
request,32,NN
e,31,NN
note,29,NN
include,29,VBP
has,28,VBZ
filter,28,NN
all,28,DT
metadata,28,N
only,27,RB
same,27,JJ
using,26,VBG
such,26,JJ
support,26,NN
zap,26,VB
kinds,25,NNS
some,25,DT
defined,25,VBN
text,25,NN
replaceable,24,N
send,23,VB
one,23,N
do,23,VBP
p,23,NN
keys,23,NNS
query,22,NN
At,22,IN
author:fiatjaf,21,N
messages,21,NNS
more,21,JJR
contain,21,VB
value,21,NN
display,21,NN
Each,20,DT
JSON,20,NNP
there,20,EX
them,20,PRP
like,20,IN
d,20,FW
lists,19,NNS
name,19,NN
being,19,VBG
then,18,RB
where,18,WRB
way,18,NN
profile,18,NN
URL,18,NNP
Deletion,18,NN
New,17,NNP
format,17,NN
but,17,CC
Notes,17,NNS
Contact,17,NN
write,17,VB
protocol,16,NN
no,16,DT
want,16,VBP
choose,16,VB
search,16,NN
difficulty,16,NN
values,15,NNS
so,15,RB
sent,14,VBD
its,14,PRP$
multiple,14,JJ
than,14,IN
also,14,RB
might,14,MD
given,14,VBN
reply,14,RB
would,14,MD
could,14,MD
Badge,14,NN
Encrypted,13,NNP
was,13,VBD
See,13,VB
identifier,13,NN
allow,13,VB
queries,13,NNS
app,13,N
those,13,DT
Information,13,NNP
Proof,13,NN
timestamp,13,N
read,13,VB
1,12,N
fields,12,NNS
types,12,NNS
filters,12,NNS
what,12,WP
get,12,VB
data,12,NNS
show,12,NN
update,12,NN
instead,12,RB
wants,12,VBZ
Code,12,NNP
root,12,NN
apps,12,N
URI,12,NNP
recommended,12,VBD
channel,12,NN
Badges,12,NNS
NIP-01,11,NNP
defines,11,VBZ
type,11,NN
REQ,11,NNP
return,11,NN
ids,11,N
number,11,NN
profiles,11,NNS
hex,11,NN
people,11,NNS
make,11,VB
custom,11,NN
hide,11,VB
server,11,NN
command,11,NN
created_at,11,N
Merchant,11,NNP
Create,11,VB
invoice,11,N
0,10,N
match,10,VB
case,10,NN
either,10,DT
prefix,10,N
present,10,JJ
about,10,IN
published,10,VBN
time,10,NN
follow,10,VB
sees,10,VBZ
included,10,VBD
form,10,NN
implementation,10,NN
both,10,N
response,10,NN
reason,10,NN
without,10,IN
below,10,IN
ephemeral,10,JJ
parameterized,10,N
emoji,10,N
delegation,10,NN
Basic,9,NNP
author:jb55,9,N
NIPs,9,NNS
here,9,RB
object,9,NN
future,9,NN
allows,9,VBZ
conditions,9,NNS
i.e,9,N
returned,9,VBN
different,9,JJ
entry,9,NN
contents,9,NNS
Direct,9,JJ
meant,9,VBD
user's,9,N
possible,9,JJ
author,9,NN
order,9,NN
additional,9,JJ
software,9,NN
work,9,NN
even,9,RB
private,9,JJ
Identity,9,NN
receipt,9,NN
description,8,NN
between,8,IN
Upon,8,IN
received,8,VBD
least,8,JJS
specified,8,VBN
expected,8,VBN
special,8,JJ
having,8,VBG
set,8,VBN
provided,8,VBN
who,8,WP
two,8,N
you,8,PRP
your,8,PRP$
npub,8,N
specify,8,VB
result,8,NN
referenced,8,N
matching,8,VBG
reference,8,NN
own,8,JJ
Mentions,8,VBZ
mention,8,VB
report,8,NN
Examples,8,NNS
rejected,8,VBD
wish,8,VBP
stored,8,VBN
error,8,NN
start,8,VB
count,8,NN
Behavior,8,NN
supports,8,VBZ
Querying,8,VBG
Subject,8,NN
payment,8,NN
created,8,VBN
kind:1,8,N
Lightning,8,VBG
Handler,8,NNP
3,7,N
flow,7,NN
author:semisol,7,N
according,7,VBG
connect,7,VB
subscription,7,NN
database,7,NN
store,7,NN
strings,7,NNS
prefixes,7,NNS
interpreted,7,VBN
valid,7,JJ
don't,7,N
above,7,IN
Uses,7,NNS
context,7,NN
names,7,NNS
another,7,DT
available,7,JJ
first,7,N
parameter,7,NN
does,7,VBZ
AUTH,7,NNP
replace,7,VB
references,7,NNS
document,7,NN
learn,7,VB
specific,7,JJ
after,7,IN
Bob,7,NNP
e.g,7,NN
HTTP,7,NNP
single,7,JJ
up,7,IN
array,7,NN
Marked,7,VBN
limitations,7,NNS
purpose,7,NN
out,7,IN
Suggested,7,VBN
PoW,7,NNP
been,7,VBN
Limits,7,NNPS
Mute,7,JJ
i,7,NN
Appendix,7,NN
lnurl,7,N
kind:31337,7,N
40,6,N
implemented,6,VBN
over,6,IN
Communication,6,NNP
websocket,6,N
arbitrary,6,JJ
attributes,6,NNS
internal,6,JJ
receives,6,VBZ
authors,6,NNS
provide,6,VB
n,6,NN
handle,6,VB
meaning,6,VBG
found,6,VBD
anything,6,VBG
just,6,RB
recipient's,6,N
keep,6,VB
mentioned,6,VBN
address,6,NN
into,6,IN
well-known/nostr.json,6,N
implement,6,VB
NIP-19,6,NNP
generate,6,VB
network,6,NN
extensions,6,NNS
optionally,6,RB
index,6,NN
process,6,NN
perform,6,VB
referencing,6,N
includes,6,VBZ
original,6,JJ
against,6,IN
thread,6,NN
well,6,RB
listed,6,VBN
system,6,NN
Supported,6,VBN
Retention,6,NNP
Generic,6,NNP
second,6,N
supported_nips,6,N
application,6,NN
Cases,6,NNS
leading,6,VBG
bits,6,NNS
target,6,NN
customer,6,NN
now,6,RB
standardized,6,JJ
blocked,6,VBN
commands,6,NNS
Motivation,6,NN
post,6,NN
Authentication,6,NNP
connection,6,NN
Wallet,6,NN
B,6,NNP
2,5,N
author:scsibug,5,N
add,5,VB
described,5,VBN
we,5,PRP
structure,5,NN
condition,5,NN
considered,5,VBN
attribute,5,VBP
latest,5,JJS
NOTICE,5,NN
know,5,VB
empty,5,JJ
need,5,VBN
hash,5,NN
old,5,JJ
shared,5,VBN
JavaScript,5,NNP
fetch,5,VB
domain,5,NN
means,5,VBZ
servers,5,NNS
serve,5,VB
purposes,5,NNS
path,5,NN
file,5,VB
certain,5,JJ
browsers,5,N
ignore,5,VB
account,5,NN
still,5,RB
pubkeys,5,N
inside,5,IN
s,5,PRP
tagged,5,VBN
otherwise,5,RB
deleted,5,VBN
event's,5,N
indicate,5,VB
since,5,IN
replies,5,VBZ
per,5,IN
reposted,5,N
author:cameri,5,N
Accept,5,VB
requests,5,NNS
provides,5,VBZ
reports,5,NNS
Version,5,NNP
Paid,5,VBN
likely,5,RB
zero,5,N
entities,5,NNS
follows,5,VBZ
require,5,VB
results,5,NNS
single-letter,5,N
spam,5,N
third,5,N
Marketplace,5,NNP
most,5,RBS
repost,5,N
Because,5,IN
due,5,JJ
last,5,JJ
posts,5,NNS
links,5,NNS
reaction,5,NN
Including,5,VBG
keypairs,5,N
moderation,5,NN
Expiration,5,NN
expired,5,VBD
Counts,5,NNS
pay,5,VB
Categorized,5,VBN
kind:31989,5,N
41,4,N
10002,4,N
mandatory,4,JJ
sha256,4,N
endpoint,4,N
creating,4,VBG
arrays,4,NNS
receiving,4,VBG
again,4,RB
containing,4,VBG
itself,4,PRP
common,4,JJ
limit,4,NN
initial,4,JJ
ignored,4,VBN
specifies,4,VBZ
how,4,WRB
doesn't,4,N
final,4,JJ
gets,4,VBZ
past,4,JJ
delete,4,VB
augmentation,4,N
publish,4,VB
scheme,4,NN
OTS,4,NNP
binary,4,JJ
replying,4,VBG
secret,4,JJ
Warning,4,NNP
standard,4,JJ
NIP-05,4,NNP
identifiers,4,NNS
nip05,4,N
restricted,4,VBN
characters,4,NNS
matches,4,VBZ
right,4,NN
help,4,VB
Web,4,NNP
invalid,4,JJ
something,4,VBG
Showing,4,VBG
expect,4,VBP
CORS,4,NNP
JS,4,NNP
recommend,4,VB
ensure,4,VB
define,4,VB
standardizes,4,N
etc,4,FW
desired,4,VBN
linking,4,VBG
along,4,IN
validate,4,VB
required,4,VBN
Abstract,4,NNP
describes,4,VBZ
denote,4,VB
separate,4,JJ
and/or,4,N
try,4,VB
addition,4,NN
terms,4,NNS
payments,4,NNS
prepared,4,VBN
responses,4,NNS
Rationale,4,NN
applications,4,NNS
committed,4,VBN
reject,4,VB
ok,4,N
Delegated,4,VBN
signature,4,NN
generally,4,RB
better,4,JJR
goes,4,VBZ
verify,4,VB
discarded,4,VBN
followers,4,NNS
successfully,4,RB
interoperability,4,N
articles,4,NNS
Social,4,NNP
signed,4,VBD
storage,4,NN
delegatee,4,N
delegator,4,N
8e0d3d3e,4,N
Chat,4,NN
42s,4,N
three,4,N
centric,4,JJ
introduced,4,VBN
control,4,NN
parameters,4,NNS
entity,4,NN
Verifying,4,VBG
encoded,4,VBN
located,4,VBN
authenticate,4,VBP
challenge,4,NN
Signer,4,NN
sense,4,NN
Reporting,4,NNP
person,4,NN
feed-related,4,N
4,3,N
30,3,N
42,3,N
43,3,N
44,3,N
10000,3,N
30000,3,N
sending,3,VBG
subscription_id,3,N
until,3,IN
previous,3,JJ
relevant,3,JJ
exact,3,JJ
queried,3,VBN
less,3,JJR
much,3,JJ
related,3,VBN
treat,3,VB
default,3,NN
author:arcbtc,3,N
needed,3,VBN
local,3,JJ
petname,3,N
ones,3,NNS
receive,3,VB
backup,3,NN
kind-3,3,N
based,3,VBN
sharing,3,VBG
contacts,3,NNS
global,3,JJ
human-readable,3,N
says,3,VBZ
themselves,3,PRP
really,3,RB
NIP-04,3,NNP
explicitly,3,RB
point,3,NN
X,3,NN
Security,3,NNP
processed,3,VBN
regular,3,JJ
replaced,3,VBN
author:mikedilger,3,N
Although,3,IN
link,3,NN
very,3,RB
specification,3,NN
local-part,3,N
part,3,NN
files,3,NNS
Finding,3,VBG
check,3,NN
bob@bob.com,3,N
abc...def,3,N
primary,3,JJ
his,3,PRP$
stop,3,VB
become,3,VB
adding,3,VBG
access,3,NN
policies,3,NNS
prevent,3,VB
failure,3,NN
identical,3,JJ
requesting,3,VBG
validated,3,VBN
derivation,3,NN
seed,3,VBN
words,3,NNS
derive,3,VBP
simply,3,RB
made,3,VBN
methods,3,NNS
Handling,3,VBG
treatment,3,NN
normal,3,JJ
Once,3,RB
doing,3,VBG
outside,3,IN
range,3,NN
intended,3,VBN
publishing,3,VBG
Usage,3,NN
Alternatively,3,RB
before,3,IN
general,3,JJ
validation,3,NN
however,3,RB
functionality,3,N
relay-url,3,N
PREFERRED,3,JJ
marker,3,NN
directly,3,RB
contains,3,VBZ
involved,3,VBN
particular,3,JJ
supporting,3,VBG
avoid,3,VB
illegal,3,JJ
operators,3,NNS
alternative,3,NN
times,3,NNS
indicating,3,VBG
indicated,3,VBD
limited,3,JJ
effectively,3,RB
discover,3,VB
retained,3,VBN
laws,3,NNS
encryption,3,N
operator,3,NN
countries,3,NNS
Community,3,NNP
individual,3,JJ
goal,3,JJ
NIP-12,3,NNP
r,3,NN
makes,3,VBZ
nonce,3,NN
lower,3,JJR
missing,3,VBG
products,3,NNS
checkout,3,NN
spec,3,N
Step,3,NN
decide,3,VB
currently,3,RB
replacing,3,VBG
Reposts,3,NNP
Quote,3,NN
formats,3,NNS
QR,3,NNP
codes,3,NNS
bech32,3,N
TLV,3,NNP
L,3,NNP
saved,3,VBN
true,3,JJ
failed,3,VBD
wrong,3,JJ
retrieve,3,VB
save,3,VB
written,3,VBN
longer,3,RB
things,3,NNS
unix,3,N
restrictions,3,NNS
kind:30023,3,N
referred,3,VBN
deal,3,JJ
feature,3,NN
article,3,NN
care,3,NN
naddr,3,N
Reactions,3,NNS
dislike,3,NN
enables,3,VBZ
Signing,3,VBG
Token,3,JJ
477318cf,3,N
publishes,3,VBZ
readable,3,JJ
picture,3,NN
mattn,3,N
parse,3,N
requirements,3,NNS
shown,3,VBN
recommendations,3,NNS
unknown,3,JJ
alt,3,N
github,3,N
username,3,N
mastodon,3,N
publicly,3,RB
best,3,JJS
verb,3,NN
systems,3,NNS
hex-encoded,3,N
pay_invoice,3,N
Many,3,JJ
Pin,3,VB
Bookmarks,3,NNP
explicit,3,JJ
Zaps,3,NNP
callback,3,N
award,3,NN
awarded,3,VBN
issuers,3,NNS
image,3,NN
render,3,VB
spread,3,NN
kind:31990,3,N
Zapstr,3,NNP
6,2,N
7,2,N
36,2,N
9734,2,N
9735,2,N
20000,2,N
22242,2,N
24133,2,N
author:kukks,2,N
flows,2,NNS
signatures,2,NNS
keypair,2,N
encodings,2,N
done,2,VBN
obtain,2,VB
space,2,NN
line,2,NN
breaks,2,NNS
expose,2,VB
subscriptions,2,NNS
patterns,2,NNS
length,2,NN
chars,2,N
represent,2,VB
CLOSE,2,NN
contained,2,VBD
lowercase,2,N
searching,2,VBG
property,2,NN
treated,2,VBN
main,2,JJ
discovery,2,NN
rely,2,RB
followed,2,VBD
browsing,2,VBG
suggestions,2,NNS
full,2,JJ
construct,2,VB
21df6d143fb96c2ec9d63726bf9edc71,2,N
a8bb3d884d5d90b413d9891fe4c4e46d,2,N
OpenTimestamps,2,NNP
existing,2,VBG
under,2,IN
tree,2,NN
automatically,2,RB
appended,2,VBN
date,2,NN
equal,2,JJ
base64-encoded,2,N
generated,2,VBN
querystring,2,N
identifying,2,VBG
forward,2,RB
conversation,2,NN
conversations,2,NNS
coordinate,2,VB
argument,2,NN
anywhere,2,RB
leaks,2,NNS
therefore,2,RB
restrict,2,VB
Mapping,2,VBG
internet,2,N
set_metadata,2,N
formatted,2,N
back,2,RB
look,2,VB
displayed,2,VBN
fetches,2,VBZ
always,2,RB
clicks,2,NNS
button,2,NN
starts,2,VBZ
displaying,2,VBG
able,2,JJ
recognize,2,VB
proper,2,JJ
bob.com,2,N
he,2,PRP
Allowing,2,VBG
resource,2,NN
issue,2,NN
header,2,NN
Access-Control-Allow-Origin,2,NNP
redirects,2,N
mnemonic,2,JJ
use-cases,2,N
window.nostr,2,N
capability,2,NN
inline,2,N
text_note,2,N
autocomplete,2,N
whenever,2,WRB
presses,2,NNS
come,2,VB
ways,2,NNS
notation,2,NN
applies,2,VBZ
actual,2,JJ
preview,2,NN
points,2,NNS
replacement,2,NN
NIP-09,2,NNP
describing,2,VBG
indefinitely,2,RB
already,2,RB
deleting,2,VBG
NIP-10,2,NNP
author:unclebobmartin,2,N
event-id,2,N
responded,2,VBD
top,2,JJ
a1,2,N
p1,2,N
p2,2,N
p3,2,N
capabilities,2,NNS
administrative,2,JJ
omitted,2,VBN
understand,2,VB
select,2,VB
word,2,NN
respond,2,VB
integer,2,NN
Client-side,2,NNP
commit,2,VB
Extra,2,NNP
fail,2,VB
immediately,2,RB
cost,2,NN
associated,2,VBN
state,2,NN
unauthenticated,2,N
seconds,2,NNS
null,2,JJ
apply,2,RB
Ranges,2,NNS
end,2,NN
giving,2,VBG
While,2,IN
via,2,IN
describe,2,VB
Exposing,2,VBG
hosted,2,VBN
country,2,NN
legal,2,JJ
it's,2,N
feed,2,VBN
topics,2,NNS
appropriate,2,JJ
fee,2,NN
requires,2,VBZ
extraneous,2,JJ
bloating,2,VBG
actually,2,RB
standardize,2,VB
interpret,2,VB
small,2,JJ
amount,2,NN
deterrence,2,NN
0000,2,N
zeroes,2,N
Mining,2,NNP
updated,2,VBN
mined,2,VBN
Validating,2,VBG
C,2,NN
aka,2,N
useful,2,JJ
devices,2,NNS
often,2,RB
few,2,JJ
similar,2,JJ
rather,2,RB
Subjects,2,NNS
Long,2,NNP
marketplaces,2,NNS
admin,2,N
stalls,2,NNS
purely,2,RB
clientside,2,N
merchants,2,NNS
self-explanatory,2,JJ
actions,2,NNS
option,2,NN
handled,2,VBN
whatever,2,WDT
method,2,NN
NIP-16,2,NNP
affect,2,VB
newer,2,JJR
known,2,VBN
tuples,2,N
lowest,2,JJS
lexical,2,JJ
persisted,2,VBD
author:arthurfranca,2,N
fetched,2,VBD
core,2,NN
copy-pasting,2,N
byte,2,N
input,2,NN
internally,2,RB
easily,2,RB
T,2,NN
size,2,NN
introduces,2,VBZ
except,2,IN
accepted,2,VBN
duplicate,2,VB
why,2,WRB
whitelist,2,N
meet,2,VB
criteria,2,NNS
too,2,RB
far,2,RB
off,2,IN
proof-of-work,2,N
posting,2,VBG
rate-limited,2,N
rate,2,NN
registered,2,VBN
humans,2,NNS
colon,2,NN
separated,2,VBN
proposal,2,JJ
extended,2,VBN
left,2,VBN
author:Giszmo,2,N
upper,2,JJ
within,2,IN
consider,2,VB
acceptable,2,JJ
timestamps,2,N
aware,2,JJ
share,2,NN
dated,2,VBN
years,2,NNS
appear,2,VB
mind,2,NN
were,2,VBD
Long-form,2,NNP
added,2,VBD
NIP-33,2,NNP
take,2,VB
downvote,2,N
notified,2,VBN
reacted,2,VBD
interacting,2,VBG
behalf,2,NN
Introducing,2,VBG
combined,2,VBN
next,2,JJ
current,2,JJ
signs,2,NNS
hello,2,UH
later,2,RB
view,2,NN
recent,2,JJ
iOS,2,N
bring,2,VB
open,2,JJ
info,2,N
shortcode,2,N
emojified,2,N
NIP-31,2,NNP
author:pablof7z,2,N
plaintext,2,N
making,2,VBG
adds,2,VBZ
equivalent,2,NN
tagging,2,VBG
Normally,2,RB
nprofile,2,N
Identities,2,NNS
letters,2,NNS
Gist,2,NN
twitter,2,N
Tweet,2,NNP
my,2,PRP$
instance,2,NN
telegram,2,NN
drop,2,NN
parties,2,NNS
Definitions,2,NNS
exclude,2,VB
moment,2,NN
duration,2,NN
performing,2,VBG
action,2,NN
author:staab,2,N
referring,2,VBG
decentralization,2,NN
operating,2,VBG
malicious,2,JJ
sends,2,VBZ
remote,2,JJ
discovers,2,VBZ
scanning,2,VBG
generates,2,VBZ
base,2,NN
chosen,2,VBN
Disconnect,2,VB
responding,2,VBG
succesful,2,JJ
pick,2,VB
custodial,2,JJ
service,2,NN
3rd,2,N
several,2,JJ
author's,2,N
type's,2,N
Lets,2,VBZ
say,2,VBP
privately,2,RB
placed,2,VBN
listing,2,VBG
categorizing,2,VBG
holds,2,VBZ
category,2,NN
friends,2,NNS
author:kieran,2,N
representing,2,VBG
receipts,2,NNS
steps,2,NNS
Definition,2,NN
recognition,2,NN
high-res,2,N
thumbnail,2,NN
attempt,2,NN
find,2,VB
person's,2,N
presumed,2,VBN
coincide,2,VB
presume,2,VB
solutions,2,NNS
though,2,IN
enable,2,VB
Handlers,2,NNP
Recommendation,2,NN
recommending,2,VBG
B's,2,NNP
NIP-94,2,NNP
classification,2,NN
5,1,N
9,1,N
10,1,N
20,1,N
32,1,N
33,1,N
64,1,N
80,1,N
1000,1,N
1063,1,N
1111,1,N
1984,1,N
2023,1,N
10001,1,N
30001,1,N
30017,1,N
30018,1,N
30023,1,N
30078,1,N
31337,1,N
31989,1,N
31990,1,N
40000,1,N
1674834236,1,N
author:distbit,1,N
everybody,1,NN
features,1,NNS
structures,1,NNS
exists,1,VBZ
wire,1,NN
event.id,1,N
serialized,1,VBN
serialization,1,N
UTF-8,1,NNP
JSON-serialized,1,NNP
white,1,JJ
non-empty,1,N
max,1,NN
determines,1,VBZ
closed,1,VBD
overwrite,1,N
array's,1,N
scalar,1,JJ
item,1,NN
hexadecimal,1,N
64-character,1,N
compact,1,JJ
large,1,JJ
privacy,1,NN
disclose,1,VB
pass,1,VB
afterward,1,RB
assumed,1,VBN
safe,1,JJ
requested,1,VBD
unnecessarily,1,RB
overwhelmed,1,VBN
notices,1,NNS
rules,1,NNS
previously,1,RB
initiated,1,VBN
differently,1,RB
NIP-02,1,NNP
Petnames,1,NNP
followed/known,1,N
32-bytes,1,N
Every,1,DT
overwrites,1,N
entries,1,NNS
soon,1,RB
believes,1,VBZ
sufficient,1,JJ
recover,1,VB
device,1,NN
contexts,1,NNS
good,1,JJ
increasing,1,VBG
censorship-resistance,1,N
tables,1,NNS
derived,1,VBN
people's,1,N
alleviates,1,VBZ
f57f54057d2a7af0efecc8b0b66f5708,1,N
NIP-03,1,NNP
Attestations,1,NNP
body,1,NN
raw,1,JJ
merkle,1,N
attestation,1,N
upload,1,N
supposed,1,VBN
aes-256-cbc,1,N
cipher,1,VB
combining,1,VBG
public-key,1,N
sender's,1,N
private-key,1,N
initialization,1,N
vector,1,NN
named,1,VBN
iv,1,N
encrypted_text>?iv=<initialization_vector,1,N
receiver,1,NN
naturally,1,RB
contextual,1,N
organized,1,VBN
happen,1,VB
event_id,1,N
ECDH,1,NNP
Y,1,NNP
coordinates,1,NNS
hashed,1,N
libsecp256k1,1,N
function,1,NN
copies,1,NNS
passed,1,VBN
hashfp,1,N
secp256k1_ecdh,1,N
sample,1,NN
generating,1,VBG
go,1,VB
near,1,IN
state-of-the-art,1,JJ
peers,1,NNS
kind:4,1,N
leaked,1,VBN
inbox,1,N
DNS-based,1,NNP
email-like,1,N
liberal,1,JJ
assumes,1,VBZ
a-z0-9-_,1,N
case-insensitive,1,N
seeing,1,VBG
splits,1,NNS
https://<domain>/.well-known/nostr.json?name=<local-part,1,N
concludes,1,VBZ
indeed,1,RB
https://example.com/.well-known/nostr.json?name=bob,1,N
association,1,NN
properties,1,NNS
URLs,1,NNP
dynamically,1,RB
reversed,1,VBD
tries,1,VBZ
addresses,1,NNS
https://bob.com/.well-known/nostr.json?name=bob,1,N
returning,1,VBG
1d2...e3f,1,N
UIs,1,NNP
suggestion,1,NN
box,1,NN
suggest,1,VBP
_@domain,1,N
owns,1,VBZ
redundant,1,JJ
_@bob.com,1,N
Reasoning,1,VBG
well-known/nostr.json?name=<local-part,1,N
dynamic,1,JJ
on-demand,1,N
static,1,JJ
browser,1,N
accessing,1,N
prevents,1,VBZ
loading,1,VBG
program,1,NN
pure-JS,1,N
tell,1,VB
caused,1,VBN
failures,1,NNS
policy,1,NN
served,1,VBN
pure,1,JJ
running,1,VBG
modern,1,JJ
Constraints,1,NNS
Fetchers,1,NNP
NIP-06,1,NNP
phrase,1,NN
m/44'/1237'/<account>'/0/0,1,N
advanced,1,VBD
increment,1,NN
generation,1,NN
practically,1,RB
infinite,1,JJ
5-level,1,N
hardened,1,VBN
fancy,1,JJ
paths,1,NNS
NIP-07,1,NNP
websites,1,N
web-apps,1,N
checking,1,VBG
availability,1,NN
Aside,1,RB
functions,1,NNS
NIP-08,1,NNP
unrecommended,1,N
component,1,NN
analogous,1,JJ
typing,1,VBG
unambiguously,1,RB
differentiate,1,VB
identified,1,VBN
27866e9d854c78ae625b867eefdfa9580434bc3e675be08d2acb526610d96fbe,1,N
textual,1,JJ
0-based,1,N
mentioning,1,VBG
search-and-replace,1,N
declared,1,VBD
status,1,NN
continue,1,VB
publish/share,1,N
that's,1,N
Additionally,1,RB
broadcast,1,NN
fully,1,RB
yet-to-be,1,N
icon,1,NN
indication,1,NN
disowned,1,VBD
interface,1,NN
clearly,1,RB
hiding,1,VBG
authoritative,1,JJ
prominent,1,JJ
knowledge,1,NN
effect,1,NN
obliged,1,VBN
undelete,1,N
especially,1,RB
helps,1,VBZ
rooted,1,VBN
Positional,1,JJ
DEPRECATED,1,NNP
level,1,NN
quoted,1,VBN
record,1,NN
E's,1,NNP
replied,1,VBD
authored,1,VBN
NIP-11,1,NNP
author:doc-hex,1,N
inform,1,VB
various,1,JJ
relay's,1,N
HTTP(s,1,NNP
application/nostr+json,1,N
upgrades,1,NNS
Access-Control-Allow-Headers,1,NNP
Access-Control-Allow-Methods,1,NNP
headers,1,N
Descriptions,1,NNS
truncation,1,N
Detailed,1,VBN
plain-text,1,N
markup,1,NN
formatting,1,N
wrapping,1,VBG
double,1,JJ
newline,1,N
paragraphs,1,NNS
32-byte,1,N
secp256k1,1,N
administrator,1,NN
abuse,1,NN
bug,1,NN
technical,1,JJ
assistance,1,NN
obligation,1,NN
schemes,1,NNS
mailto,1,N
https,1,N
evolves,1,VBZ
advertised,1,VBN
project's,1,N
homepage,1,N
imposed,1,VBN
exceed,1,VB
storing,1,VBG
forever,1,RB
stated,1,VBN
defaults,1,NNS
visitors,1,NNS
infinity,1,NN
preferably,1,RB
specifications,1,NNS
subset,1,NN
tuple,1,N
inclusive,1,JJ
period,1,NN
blacklist,1,VB
Nostr-based,1,NNP
protocols,1,NNS
unfortunate,1,JJ
quickly,1,RB
governed,1,VBN
nation,1,NN
cleartext,1,N
encouraged,1,VBN
around,1,IN
limitation,1,NN
country's,1,N
typically,1,RB
vague,1,JJ
constantly,1,RB
shifting,1,VBG
enforced,1,VBN
indirectly,1,RB
favourable,1,N
zones,1,NNS
flexibility,1,NN
Remember,1,VB
Preferences,1,NNP
foster,1,VB
encourage,1,VB
usual,1,JJ
goals,1,NNS
brief,1,JJ
posting_policy,1,N
detail,1,NN
signify,1,VB
discussed,1,VBN
machine,1,NN
Pay-To-Relay,1,NNP
schedules,1,NNS
curl,1,VB
expanded,1,VBN
beginning,1,VBG
letter,1,NN
element,1,NN
Subsequent,1,JJ
elements,1,NNS
foo,1,N
bar,1,NN
decision,1,NN
reserve,1,NN
usable,1,JJ
sorts,1,NNS
worrying,1,VBG
indexes,1,NNS
lightweight,1,JJ
course,1,NN
abusing,1,VBG
intention,1,NN
becomes,1,VBZ
easier,1,JJR
detect,1,VB
hardly,1,RB
confused,1,VBN
meaningful,1,JJ
wanted,1,VBD
attach,1,VB
spammy,1,N
intentions,1,NNS
Motivating,1,VBG
promote,1,VB
NIP-13,1,NNP
computational,1,JJ
bearer,1,NN
universally,1,RB
000000000e9d97a1ab09fc381030b346cdd7a142ad57e6df0b46dc9bef6c7e2d,1,N
002f,1,N
0010,1,N
forget,1,VB
digits,1,NNS
recalculated,1,VBD
during,1,IN
protect,1,VB
situations,1,NNS
bulk,1,NN
spammers,1,N
targeting,1,VBG
lucky,1,JJ
higher,1,JJR
safely,1,RB
Committing,1,VBG
honest,1,JJ
miners,1,NNS
commitment,1,NN
calculating,1,VBG
thing,1,VBG
outsourced,1,N
providers,1,NNS
perhaps,1,RB
PoW-restricted,1,NNP
energy-constrained,1,N
mobile,1,JJ
phones,1,NNS
NIP-14,1,NNP
more-speech,1,N
threaded,1,VBN
ad,1,NN
hoc,1,FW
approach,1,NN
email,1,N
incoming,1,JJ
emails,1,N
replicate,1,VB
adorn,1,VB
prepending,1,N
Re,1,NNP
shorter,1,JJR
trimmed,1,VBN
NIP-15,1,NNP
resilient,1,JJ
author:benarc,1,N
author:motorina0,1,N
author:talvasconcelos,1,N
creates,1,VBZ
updates,1,NNS
deletes,1,N
manage,1,VB
sales,1,NNS
customers,1,NNS
convenience,1,NN
uptime,1,N
implementations,1,N
listening,1,VBG
entirely,1,RB
stand-alone,1,JJ
frontend,1,NN
webpage,1,N
subscribes,1,VBZ
searchable,1,N
ecommerce,1,N
site,1,NN
basket,1,NN
area,1,NN
publishing/updating,1,N
stall,1,NN
product,1,NN
move,1,NN
section,1,NN
exchange,1,NN
represents,1,VBZ
contact.nostr,1,N
payment_options,1,N
payment/shipped,1,N
communicating,1,VBG
models,1,NNS
href="https://raw.githubusercontent.com/lnbits/nostrmarket/main/models.py,1,N
author:kind,1,N
NIP-18,1,NNP
signal,1,JJ
worth,1,JJ
reading,1,VBG
stringified,1,N
quick,1,JJ
embedded,1,VBN
bech32-encoded,1,N
bech32-formatted,1,N
rendering,1,VBG
inputting,1,N
closer,1,JJR
Bare,1,JJ
confusion,1,NN
mixing,1,VBG
bech32-(not-m,1,N
encoding,1,N
3bf0c63fcb93463407af97a5e5ee64fa883d107ef9e558472c4eb9aaaefa459d,1,N
translates,1,VBZ
npub180cvv07tjdrrgpa0j7j7tmnyl2yr6yr7l8j4s3evf6u64th6gkwsyjh6w6,1,N
they're,1,N
human-friendlier,1,N
convert,1,VB
Shareable,1,NNP
locate,1,VB
binary-encoded,1,N
type-length-value,1,N
uint8,1,N
0-255,1,N
V,1,NNP
sequence,1,NN
bytes,1,NNS
NIP-20,1,NNP
submitting,1,VBG
concept,1,NN
NOTICE's,1,NNP
false,1,JJ
succeeded,1,VBN
banned,1,VBN
consult,1,VB
limiting,1,VBG
techniques,1,NNS
acknowledged,1,VBD
unless,1,IN
malformed,1,JJ
parsed,1,N
non-malformed,1,N
ip,1,NN
ban,1,NN
insufficient,1,JJ
slightly,1,RB
intelligent,1,JJ
timeout,1,N
requirement,1,NN
background,1,NN
styled,1,VBN
popups,1,N
cleanly,1,RB
taking,1,VBG
everything,1,VBG
trimming,1,VBG
further,1,JJ
simpler,1,JJR
NIP-21,1,NNP
maximum,1,JJ
openness,1,NN
nsec,1,N
NIP-22,1,NNP
author:jeffthibault,1,N
saying,1,VBG
permitted,1,VBN
formalizes,1,VBZ
ago,1,RB
50,000,1,N
aims,1,VBZ
behave,1,VB
unexpectedly,1,RB
wrote,1,VBD
tried,1,VBD
clock,1,NN
Persisting,1,VBG
backdated,1,VBD
getting,1,VBG
notification,1,NN
did,1,VBD
correct,1,JJ
wide,1,JJ
adoption,1,NN
experience,1,NN
decrease,1,NN
wildly,1,RB
impossible,1,JJ
dates,1,NNS
distant,1,JJ
migrates,1,VBZ
onto,1,IN
rejects,1,VBZ
recently,1,RB
cannot,1,MD
Python,1,NNP
pseudocode,1,N
NIP-23,1,NNP
blog,1,N
kind:30024,1,N
drafts,1,NNS
primarily,1,RB
Markdown,1,NN
syntax,1,NN
tags"/"hashtags,1,N
relevance,1,NN
necessary,1,JJ
remain,1,VB
strictly,1,RB
Editability,1,NNP
editable,1,N
replaceability,1,N
versions,1,NNS
linked,1,VBN
NIP-25,1,NNP
react,1,VB
represented,1,VBN
upvote,1,N
counted,1,VBN
tally,1,RB
likes,1,VBZ
dislikes,1,VBZ
reddit-like,1,N
upvotes,1,N
downvotes,1,N
tallies,1,NNS
reacting,1,VBG
pull,1,VB
NIP-26,1,NNP
author:markharding,1,N
author:minds,1,N
away,1,RB
authorize,1,VB
cold,1,JJ
64-byte,1,N
Schnorr,1,NNP
vast,1,JJ
majority,1,NN
advisable,1,JJ
grant,1,NN
authorization,1,NN
days,1,NNS
satisfied,1,VBN
kind=1,1,N
created_at>1674834236,1,N
created_at<1677426236,1,N
unchanged,1,JJ
answer,1,NN
NIP-27,1,NNP
author:hodlbod,1,N
middle,1,NN
nostr:nprofile1qqsw3dy8cpu...6x2argwghx6egsqstvg,1,N
style,1,NN
hex-id,1,N
reader,1,NN
turning,1,VBG
Suppose,1,VB
writing,1,VBG
search-and-autocomplete,1,N
triggered,1,VBN
character,1,NN
mat,1,NN
prompt,1,VB
him,1,PRP
enter,1,VB
typed,1,VBN
highlighted,1,VBN
looks,1,VBZ
nostr:npub1,1,N
Carol,1,NNP
her,1,PRP$
initially,1,RB
decode,1,VB
extract,1,VB
possibly,1,RB
hints,1,NNS
page,1,NN
Verbose,1,NNP
probably,1,RB
unnecessary,1,JJ
considerations,1,NNS
NIP-28,1,NNP
author:ChristopherDavid,1,N
channels,1,NNS
reserves,1,NNS
five,1,N
40-44,1,N
immediate,1,JJ
Client-centric,1,NNP
gives,1,VBZ
developers,1,NNS
discretion,1,NN
imposing,1,VBG
creation,1,NN
channel's,1,N
modifying,1,VBG
41s,1,N
whether,1,IN
append,1,VB
pornography,1,NN
oldest,1,JJS
hosting,1,VBG
offline,1,N
trust,1,NN
we're,1,N
solving,1,VBG
censorship-resistant,1,N
media,1,NNS
solve,1,VB
Telegram-style,1,NNP
messaging,1,VBG
walled,1,JJ
gardens,1,NNS
square,1,NN
NIP-30,1,NNP
author:alexgleason,1,N
shortcodes,1,N
emojify,1,N
Dealing,1,VBG
isn't,1,N
short,1,JJ
summary,1,NN
intent,1,NN
pops,1,VBZ
timelines,1,N
enough,1,RB
ask,1,VB
weird,1,JJ
nonsensical,1,JJ
fallback,1,NN
situation,1,NN
elsewhere,1,RB
functional,1,JJ
unlike,1,IN
author:kind:d-tag,1,N
nevent,1,N
equivalents,1,NNS
translated,1,VBN
combination,1,NN
comprised,1,VBN
kind>:<pubkey>:<d-identifier,1,N
fact,1,NN
NIP-36,1,NNP
Sensitive,1,JJ
author:fernandolguevara,1,N
content-warning,1,N
needs,1,VBZ
approved,1,VBD
readers,1,NNS
acts,1,NNS
NIP-39,1,NNP
External,1,JJ
author:pseudozach,1,N
online,1,JJ
usernames,1,N
pages,1,NNS
extensibility,1,N
provider,1,NN
a-z,1,N
0-9,1,N
_,1,N
normalized,1,VBN
uppercase,1,N
aliases,1,N
Claim,1,VB
https://gist.github.com/<identity>/<proof,1,N
posted,1,VBD
https://twitter.com/<identity>/status/<proof,1,N
instance>/@<username,1,N
username>@<instance,1,N
https://<identity>/<proof,1,N
ref>/<id,1,N
group,1,NN
ref,1,N
https://t.me/<proof,1,N
NIP-40,1,NNP
author:0xtlt,1,N
persist,1,VB
downloaded,1,N
accessible,1,JJ
expiring,1,VBG
NIP-42,1,NNP
resources,1,NNS
broadcasted,1,N
knows,1,VBZ
deems,1,VBZ
can't,1,N
fulfill,1,VB
notify,1,VB
machines,1,NNS
noting,1,VBG
Verification,1,NN
NIP-45,1,NNP
mechanism,1,NN
obtaining,1,VBG
execute,1,VB
connected,1,VBN
prohibitively,1,RB
expensive,1,JJ
follower,1,NN
cached,1,N
indexing,1,VBG
options,1,NNS
erode,1,VB
second-layer,1,N
accepts,1,VBZ
OR'd,1,NNP
together,1,RB
aggregated,1,N
probabilistic,1,JJ
reduce,1,VB
compute,1,VB
NIP-46,1,NNP
author:tiero,1,N
author:giowe,1,N
author:vforvalerio87,1,N
exposed,1,VBN
attack,1,NN
surface,1,NN
Entering,1,NNP
annoying,1,JJ
system's,1,N
clipboard,1,NN
monitored,1,VBN
TL;DR,1,NNP
choice,1,NN
prompts,1,VBZ
fetching,1,VBG
JSONRPC-ish,1,NNP
clicking,1,VBG
deep,1,JJ
nostrconnect,1,N
Sign,1,NNP
Delegate,1,NNP
NIP-47,1,NNP
author:kiwiidb,1,N
author:bumi,1,N
author:vitorpamplona,1,N
through,1,IN
Custodians,1,NNP
run,1,VB
bridge,1,NN
bridges,1,NNS
wallet/node,1,N
Theory,1,NNP
Operation,1,NNP
space-seperated,1,N
eg,1,N
get_balance,1,N
JSON-RPCish,1,NNP
semi-fixed,1,N
result_type,1,N
human,1,JJ
deeplink,1,N
pasting,1,VBG
nostr+walletconnect,1,N
paying,1,VBG
connections,1,NNS
inactivity,1,NN
Errors,1,NNS
dedicated,1,VBN
enforce,1,VB
depending,1,VBG
party,1,NN
improve,1,VB
reliability,1,NN
NIP-50,1,NNP
author:brugeman,1,N
structured,1,VBN
Specifics,1,NNS
algorithms,1,N
differ,1,VBP
extensible,1,N
framework,1,NN
ability,1,NN
key:value,1,N
pairs,1,NNS
orange,1,JJ
purple,1,JJ
compensate,1,VB
potentially,1,RB
details,1,NNS
suits,1,NNS
client's,1,N
low,1,JJ
precision,1,NN
filtering,1,VBG
NIP-51,1,NNP
author:monlovesmango,1,N
author:eskema,1,N
depends:33,1,N
distinct,1,JJ
NIP-56,1,NNP
submitted,1,VBN
reported,1,VBD
consists,1,VBZ
impersonation,1,NN
decisions,1,NNS
blur,1,NN
photos,1,NNS
said,1,VBD
automatic,1,JJ
gamed,1,N
Admins,1,NNP
trusted,1,VBN
moderators,1,N
takedown,1,N
NIP-57,1,NNP
recording,1,VBG
payer's,1,N
confirmation,1,NN
issued,1,VBN
fun,1,NN
pr,1,NN
sender,1,N
finalize,1,N
Configuration,1,NN
pieces,1,NNS
invoices,1,NNS
server's,1,N
lnurl-pay,1,N
whose,1,WP$
JSON-encoded,1,NNP
node,1,N
executed,1,VBN
proves,1,VBZ
existence,1,NN
implies,1,VBZ
lie,1,VB
rogue,1,JJ
zap-enabled,1,N
F,1,NN
G,1,NN
zapped,1,VBD
calculate,1,VB
profile's,1,N
lud06,1,N
lud16,1,N
encrypting,1,VBG
simplicity,1,NN
NIP-58,1,NNP
unbounded,1,JJ
gratitude,1,NN
participation,1,NN
appreciation,1,NN
task,1,NN
cause,1,NN
decorate,1,VBP
fame,1,NN
notoriety,1,NN
deem,1,VBP
reputable,1,JJ
minting,1,VBG
Awards,1,NNP
embed,1,N
energy,1,NN
arguably,1,RB
valuable,1,JJ
collect,1,VB
ensuring,1,VBG
retain,1,VB
valuable/special,1,N
factor,1,NN
aspect,1,NN
ratio,1,NN
1:1,1,N
1024x1024,1,N
pixels,1,N
dimensions,1,NNS
512x512,1,N
xl,1,N
256x256,1,N
64x64,1,N
m,1,NN
32x32,1,N
16x16,1,N
xs,1,N
thumbnails,1,N
fits,1,VBZ
theme,1,NN
click,1,NN
tap,1,VB
hover,1,VB
Honorable,1,NNP
Brave,1,NNP
NIP-65,1,NNP
advertise,1,VB
others,1,NNS
configuring,1,N
one's,1,N
kind-10002,1,N
anybody,1,NN
ContactList,1,NNP
produced,1,VBN
evidenced,1,VBN
implicit,1,JJ
sets,1,NNS
ad-hoc,1,JJ
arisen,1,VBN
negatively,1,RB
impact,1,NN
scalability,1,N
scale,1,NN
smaller,1,JJR
offer,1,NN
someone,1,NN
watching,1,VBG
subscribed,1,VBN
widely,1,RB
NIP-78,1,NNP
author:sandwich,1,N
great,1,JJ
wouldn't,1,N
Yet,1,RB
generalized,1,JJ
somehow,1,RB
application-specific,1,N
NIP-89,1,NNP
event-kinds,1,N
Nostr's,1,NNP
discoverability,1,N
transparent,1,JJ
interaction,1,NN
interesting/novel,1,N
mechanics,1,NNS
simple,1,JJ
smooth,1,JJ
cross-client,1,N
cross-kind,1,N
interactions,1,NNS
actors,1,NNS
workflow,1,N
hint,1,NN
platform,1,NN
nomenclature,1,NN
non,1,FW
announce/recommend,1,N
kind-handler,1,N
social-media,1,N
interact,1,VBP
unknown-kind,1,N
tapping,1,VBG
recommends,1,VBZ
tracks,1,VBZ
interacts,1,VBZ
timeline,1,N
knowing,1,VBG
users-contact-list,1,N
application's,1,N
redirect,1,VB
bypassing,1,VBG
careful,1,JJ
spam-prevention,1,N
mechanisms,1,NNS
directing,1,VBG
k,1,NN
desired-event-kind,1,N
author:frbitten,1,N
author:lovvtide,1,N
organization,1,NN
organize,1,VB
interest,1,NN
filesharing,1,N
longform,1,N
stand,1,VB
exist,1,VB
compatible,1,JJ
Please,1,VB
proposing,1,VBG
experimenting,1,VBG
acceptance,1,NN
License,1,NN
